{
  "technique": "P1 - Unstructured Pruning (30%)",
  "accuracy": 0.9783845278725825,
  "f1_score": 0.9782515861418251,
  "model_size_mb": 8.72260570526123,
  "baseline_size_mb": 8.72321605682373,
  "compression_ratio": 1.00006997353579,
  "avg_inference_ms": 22.739102840423584,
  "std_inference_ms": 4.943322165466659,
  "ram_usage_mb": 473.9609375
}